filename,group_id,view_stem,split
1448_115629_001.jpeg,1448_115629,1448_115629_001,train
1448_115629_002.jpeg,1448_115629,1448_115629_002,train
1448_115629_003.jpeg,1448_115629,1448_115629_003,train
1448_115629_004.jpeg,1448_115629,1448_115629_004,train
1448_121482_001.jpeg,1448_121482,1448_121482_001,test
1448_121482_002.jpeg,1448_121482,1448_121482_002,test
1448_121482_003.jpeg,1448_121482,1448_121482_003,test
1448_121482_004.jpeg,1448_121482,1448_121482_004,test
1448_129036_001.jpeg,1448_129036,1448_129036_001,test
1448_129036_002.jpeg,1448_129036,1448_129036_002,test
1448_129036_003.jpeg,1448_129036,1448_129036_003,test
1448_129036_004.jpeg,1448_129036,1448_129036_004,test
1448_13020_001.jpeg,1448_13020,1448_13020_001,val
1448_13020_002.jpeg,1448_13020,1448_13020_002,val
1448_13020_003.jpeg,1448_13020,1448_13020_003,val
1448_13020_004.jpeg,1448_13020,1448_13020_004,val
1448_16307_001.jpeg,1448_16307,1448_16307_001,train
1448_16307_002.jpeg,1448_16307,1448_16307_002,train
1448_16307_003.jpeg,1448_16307,1448_16307_003,train
1448_16307_004.jpeg,1448_16307,1448_16307_004,train
VI_1448_121803_001.jpeg,VI_1448_121803,VI_1448_121803_001,val
VI_1448_121803_002.jpeg,VI_1448_121803,VI_1448_121803_002,val
VI_1448_121803_003.jpeg,VI_1448_121803,VI_1448_121803_003,val
VI_1448_121803_004.jpeg,VI_1448_121803,VI_1448_121803_004,val
VI_1448_125782_001.jpeg,VI_1448_125782,VI_1448_125782_001,train
VI_1448_125782_002.jpeg,VI_1448_125782,VI_1448_125782_002,train
VI_1448_125782_003.jpeg,VI_1448_125782,VI_1448_125782_003,train
VI_1448_125782_004.jpeg,VI_1448_125782,VI_1448_125782_004,train
VI_1448_125782_005.jpeg,VI_1448_125782,VI_1448_125782_005,train
VI_1448_129323_001.jpeg,VI_1448_129323,VI_1448_129323_001,train
VI_1448_129323_002.jpeg,VI_1448_129323,VI_1448_129323_002,train
VI_1448_129323_003.jpeg,VI_1448_129323,VI_1448_129323_003,train
VI_1448_129323_004.jpeg,VI_1448_129323,VI_1448_129323_004,train
VI_1448_129323_005.jpeg,VI_1448_129323,VI_1448_129323_005,train
VI_1448_130513_001.jpeg,VI_1448_130513,VI_1448_130513_001,train
VI_1448_130513_002.jpeg,VI_1448_130513,VI_1448_130513_002,train
VI_1448_130513_003.jpeg,VI_1448_130513,VI_1448_130513_003,train
VI_1448_130513_004.jpeg,VI_1448_130513,VI_1448_130513_004,train
VI_1448_134797_001.jpeg,VI_1448_134797,VI_1448_134797_001,train
VI_1448_134797_002.jpeg,VI_1448_134797,VI_1448_134797_002,train
VI_1448_134797_003.jpeg,VI_1448_134797,VI_1448_134797_003,train
VI_1448_134797_004.jpeg,VI_1448_134797,VI_1448_134797_004,train
VI_1448_141387_002.jpeg,VI_1448_141387,VI_1448_141387_002,test
VI_1448_141387_003.jpeg,VI_1448_141387,VI_1448_141387_003,test
VI_1448_141387_004.jpeg,VI_1448_141387,VI_1448_141387_004,test
VI_1448_141396_001.jpeg,VI_1448_141396,VI_1448_141396_001,train
VI_1448_141396_002.jpeg,VI_1448_141396,VI_1448_141396_002,train
VI_1448_141396_003.jpeg,VI_1448_141396,VI_1448_141396_003,train
VI_1448_141396_004.jpeg,VI_1448_141396,VI_1448_141396_004,train
VI_1448_142651_001.jpeg,VI_1448_142651,VI_1448_142651_001,train
VI_1448_142651_002.jpeg,VI_1448_142651,VI_1448_142651_002,train
VI_1448_142651_003.jpeg,VI_1448_142651,VI_1448_142651_003,train
VI_1448_142651_004.jpeg,VI_1448_142651,VI_1448_142651_004,train
VI_1448_150900_001.jpeg,VI_1448_150900,VI_1448_150900_001,train
VI_1448_150900_002.jpeg,VI_1448_150900,VI_1448_150900_002,train
VI_1448_150900_003.jpeg,VI_1448_150900,VI_1448_150900_003,train
VI_1448_150900_004.jpeg,VI_1448_150900,VI_1448_150900_004,train
VI_1448_150900_005.jpeg,VI_1448_150900,VI_1448_150900_005,train
VI_1448_155180_001.jpeg,VI_1448_155180,VI_1448_155180_001,val
VI_1448_155180_002.jpeg,VI_1448_155180,VI_1448_155180_002,val
VI_1448_155180_003.jpeg,VI_1448_155180,VI_1448_155180_003,val
VI_1448_155180_004.jpeg,VI_1448_155180,VI_1448_155180_004,val
VI_1448_160554_001.jpeg,VI_1448_160554,VI_1448_160554_001,test
VI_1448_160554_002.jpeg,VI_1448_160554,VI_1448_160554_002,test
VI_1448_160554_003.jpeg,VI_1448_160554,VI_1448_160554_003,test
VI_1448_160554_004.jpeg,VI_1448_160554,VI_1448_160554_004,test
VI_1448_160554_005.jpeg,VI_1448_160554,VI_1448_160554_005,test
VI_1448_163042_001.jpeg,VI_1448_163042,VI_1448_163042_001,train
VI_1448_163042_002.jpeg,VI_1448_163042,VI_1448_163042_002,train
VI_1448_163042_003.jpeg,VI_1448_163042,VI_1448_163042_003,train
VI_1448_163042_004.jpeg,VI_1448_163042,VI_1448_163042_004,train
VI_1448_165851_001.jpeg,VI_1448_165851,VI_1448_165851_001,train
VI_1448_165851_002.jpeg,VI_1448_165851,VI_1448_165851_002,train
VI_1448_165851_003.jpeg,VI_1448_165851,VI_1448_165851_003,train
VI_1448_165851_004.jpeg,VI_1448_165851,VI_1448_165851_004,train
VI_1448_167313_001.jpeg,VI_1448_167313,VI_1448_167313_001,train
VI_1448_167313_002.jpeg,VI_1448_167313,VI_1448_167313_002,train
VI_1448_167313_003.jpeg,VI_1448_167313,VI_1448_167313_003,train
VI_1448_167313_004.jpeg,VI_1448_167313,VI_1448_167313_004,train
VI_1448_186487_001.jpeg,VI_1448_186487,VI_1448_186487_001,train
VI_1448_186487_002.jpeg,VI_1448_186487,VI_1448_186487_002,train
VI_1448_186487_003.jpeg,VI_1448_186487,VI_1448_186487_003,train
VI_1448_186487_004.jpeg,VI_1448_186487,VI_1448_186487_004,train
VI_1448_186487_005.jpeg,VI_1448_186487,VI_1448_186487_005,train
VI_1448_186492_001.jpeg,VI_1448_186492,VI_1448_186492_001,train
VI_1448_186492_002.jpeg,VI_1448_186492,VI_1448_186492_002,train
VI_1448_186492_003.jpeg,VI_1448_186492,VI_1448_186492_003,train
VI_1448_186492_004.jpeg,VI_1448_186492,VI_1448_186492_004,train
VI_1448_186492_005.jpeg,VI_1448_186492,VI_1448_186492_005,train
VI_1448_186492_006.jpeg,VI_1448_186492,VI_1448_186492_006,train
VI_1448_195621_001.jpeg,VI_1448_195621,VI_1448_195621_001,val
VI_1448_195621_002.jpeg,VI_1448_195621,VI_1448_195621_002,val
VI_1448_195621_003.jpeg,VI_1448_195621,VI_1448_195621_003,val
VI_1448_195621_004.jpeg,VI_1448_195621,VI_1448_195621_004,val
VI_1448_195621_005.jpeg,VI_1448_195621,VI_1448_195621_005,val
